name,image,minPlayers,maxPlayers,playingTime,yearPublished,averageRating,numPlays,userComment
"...and then, we held hands.",https://cf.geekdo-images.com/Ft08woV-KG3HHfO-ET6S4Q__original/img/x7YkL7sqFAt2LAxgPx3MEv3ZMNI=/0x0/filters:format(jpeg)/pic2717772.jpg,2,2,45,2015,6.01599,1,"Abstract, Card Game"
10 Down,https://cf.geekdo-images.com/mXagRMef_UNguuTh6SGfvA__original/img/vGoASJKUAD6_fokRCUN19hSLTNw=/0x0/filters:format(jpeg)/pic2641330.jpg,3,5,20,2015,6.09524,0,Card Game
13 Clues,https://cf.geekdo-images.com/5Pr1akvb5-vMJB5Lvabi6w__original/img/ySz5OVSRpGAgehf69x4oFok2eYM=/0x0/filters:format(png)/pic5663962.png,2,6,30,2016,6.61158,14,"Family, Deduction, Memory, Murder/Mystery"
5-Minute Dungeon,https://cf.geekdo-images.com/bFZKvxPJ23dzGwgpOg-mIA__original/img/Pi321k82TYCMy0v6GqKZ3LHvBYM=/0x0/filters:format(png)/pic3213622.png,2,5,30,2017,6.93016,2,
7 Wonders,https://cf.geekdo-images.com/35h9Za_JvMMMtx_92kT0Jg__original/img/jt70jJDZ1y1FWJs4ZQf5FI8APVY=/0x0/filters:format(jpeg)/pic7149798.jpg,2,7,30,2010,7.68692,7,
7 Wonders Duel,https://cf.geekdo-images.com/zdagMskTF7wJBPjX74XsRw__original/img/Ju836WNSaW7Mab9Vjq2TJ_FqhWQ=/0x0/filters:format(jpeg)/pic2576399.jpg,2,2,30,2015,8.09571,38,
Agra,https://cf.geekdo-images.com/cb8ydtRuQ-SADwD35oHX9w__original/img/04eMY8p7oP_tzCMfyzR2VdFWDNI=/0x0/filters:format(jpeg)/pic3621105.jpg,2,4,120,2017,7.29896,2,
Alchemists,https://cf.geekdo-images.com/ztNshEv3Fsm46HCJaEOFPw__original/img/SP4ItZ27dLweUPbz_bF7C-P7GtA=/0x0/filters:format(png)/pic2241156.png,2,4,120,2014,7.6486,2,"Strategy, Deduction, Fantasy"
Alhambra: Big Box,https://cf.geekdo-images.com/qZcmQvAUH6JJTpwGlqPwAA__original/img/c0OEuXcT_kd-y9aZ3ljE5wXOw74=/0x0/filters:format(jpeg)/pic535726.jpg,2,6,60,2009,7.49415,0,"Family, Strategy, City Building, Card Drafting"
Alien Artifacts,https://cf.geekdo-images.com/bQ0n-lmFt6_V4fcC_Di2Yw__original/img/23_WD9hYgxKAaTWfurtoPSYd46Y=/0x0/filters:format(jpeg)/pic3671706.jpg,2,5,60,2017,6.56208,2,
Alien Frontiers,https://cf.geekdo-images.com/UWZTWLXFfg_6HpXJmviL3g__original/img/1EiMWmB4iGMDRbaXuvZQtlszM_Q=/0x0/filters:format(png)/pic3360924.png,2,4,90,2010,7.36167,1,"Strategy, Dice, Science Fiction"
Amerigo,https://cf.geekdo-images.com/CPTCRbcUGvW-gepKwTvjSg__original/img/s0CSe2HK5xYB5aFR3WUqJAZRAn8=/0x0/filters:format(jpeg)/pic1824151.jpg,2,4,90,2013,7.44497,5,"Strategy, Nautical, Renaissance, Euro"
Anachrony,https://cf.geekdo-images.com/31quLNzteInnevVRAABoow__original/img/3KfMPSj7jjhG0g5lQBsO-bn67D0=/0x0/filters:format(jpeg)/pic3499707.jpg,1,4,120,2017,8.07837,0,"Strategy, Economic, Science Fiction, Worker Placement"
Ancestree,https://cf.geekdo-images.com/MHYlXIDhmuTrqhwaSGxYjg__original/img/EF3w6cKdtaM0qzAoe2Lttb7tXN8=/0x0/filters:format(jpeg)/pic3639106.jpg,2,6,20,2017,6.21823,4,
The Ancient World (Second Edition),https://cf.geekdo-images.com/xpFKs3YjPxB6rw1uK7Hx0A__original/img/mqLUrPMjQoZ9MpxOSbf2OS2ug08=/0x0/filters:format(jpeg)/pic4286631.jpg,2,4,90,2019,7.55087,0,
AquaSphere,https://cf.geekdo-images.com/K7Hq_KDgr8jJHMtW21XcfQ__original/img/PckhyT2sfyT93TPkIRyKrvPpPMs=/0x0/filters:format(jpeg)/pic2197124.jpg,2,4,100,2014,7.25578,3,"Strategy, Nautical, Science Fiction, Euro, Worker Placement, Area Control"
Arboretum,https://cf.geekdo-images.com/XYOn10oXBrDqHySf0jvnyQ__original/img/RMi0pEsP8agfH-tgYkeRGilD3oo=/0x0/filters:format(png)/pic4172124.png,2,4,30,2015,7.2987,5,
Arcane Academy,https://cf.geekdo-images.com/rQZHip8vqrS_kZVrz8X_Ig__original/img/dPXA6Wy3Edf6s-CFBrDUEi9w0ls=/0x0/filters:format(png)/pic2971623.png,2,4,45,2016,6.71798,1,"Fantasy, Card Drafting, Tile Placement"
Arena: For the Gods!,https://cf.geekdo-images.com/0aK3tK89_FFAW2ADgKlQLg__original/img/uxAAItPY9xTjOjLW4ng5l6P2OBM=/0x0/filters:format(jpeg)/pic3613441.jpg,2,6,40,2017,6.45339,0,"Dice, Fighting, Mythology"
Ark Nova,https://cf.geekdo-images.com/SoU8p28Sk1s8MSvoM4N8pQ__original/img/g4S18szTdrXCdIwVKzMKrZrYAcM=/0x0/filters:format(jpeg)/pic6293412.jpg,1,4,150,2021,8.53734,105,"Strategy, Economic, Animals, Environmental, Card Drafting"
Art Decko,https://cf.geekdo-images.com/c78Zx5dX-Hbt8BSp6q2gCQ__original/img/sp-breb7dN0rnXM0ego2lbsF7HI=/0x0/filters:format(jpeg)/pic6155316.jpg,2,4,60,2021,6.92168,27,
Awkward Guests: The Walton Case,https://cf.geekdo-images.com/Awopfw5_5Qyh-7YcSbtudA__original/img/GxYtTK43oCTDn2J3pyukUw07bKo=/0x0/filters:format(jpeg)/pic4870482.jpg,1,8,75,2016,7.58892,18,"Family, Deduction, Murder/Mystery"
Azul,https://cf.geekdo-images.com/aPSHJO0d0XOpQR5X-wJonw__original/img/AkbtYVc6xXJF3c9EUrakklcclKw=/0x0/filters:format(png)/pic6973671.png,2,4,45,2017,7.75598,221,"Abstract, Family"
Azul: Queen's Garden,https://cf.geekdo-images.com/l-NBWJ1gIcfOCfrvAw8qvw__original/img/VaPUWBlEE3Wg_QGYAsHxKV8mBkw=/0x0/filters:format(jpeg)/pic6389125.jpg,2,4,60,2021,7.50761,3,"Abstract, Family"
Azul: Stained Glass of Sintra,https://cf.geekdo-images.com/RrYR1xB8H7D1B5GwNV8jgQ__original/img/unI8OEWp9Fdv3D_dLahPPdLG1qc=/0x0/filters:format(jpeg)/pic4212417.jpg,2,4,45,2018,7.31561,26,"Abstract, Family"
Azul: Summer Pavilion,https://cf.geekdo-images.com/843kZ6WR0HfyXWEybA6L7A__original/img/VtYGvhy_YCSw14FpV8FGzv0eMe4=/0x0/filters:format(jpeg)/pic4930887.jpg,2,4,45,2019,7.64607,5,
Babylonia,https://cf.geekdo-images.com/XKdSpV2ZTdOEd0NXy3Ig1Q__original/img/Q4u1KwykZGb21eEf0-QLwPx-DQ0=/0x0/filters:format(jpeg)/pic4657338.jpg,2,4,60,2019,7.68015,2,
Barrage,https://cf.geekdo-images.com/jEPmWvvYpqkWrKOzqIHFsg__original/img/rkHKwkUqpQC7PAGG7n2gbrcQiUY=/0x0/filters:format(png)/pic4336469.png,1,4,120,2019,8.17524,2,
Barrage,https://cf.geekdo-images.com/jEPmWvvYpqkWrKOzqIHFsg__original/img/rkHKwkUqpQC7PAGG7n2gbrcQiUY=/0x0/filters:format(png)/pic4336469.png,1,4,120,2019,8.17524,2,
Between Two Castles of Mad King Ludwig,https://cf.geekdo-images.com/IwczsFUMHhIyI_39wFaHWw__original/img/jHHxcaBR6CKa16JvSEd5nY0MOsI=/0x0/filters:format(jpeg)/pic4285717.jpg,2,7,60,2018,7.24231,5,
Beyond the Sun,https://cf.geekdo-images.com/BfEHqHQAvZLbRX7y7e9TWg__original/img/h2NEwLqn5mNkcEfMdP_8oMWa9KE=/0x0/filters:format(jpeg)/pic5617866.jpg,2,4,120,2020,7.94352,22,
Biblios,https://cf.geekdo-images.com/w9pHmbMbHEFYtuOUcWcruA__original/img/jOmzNb1JROlzeqEmCDScX_IkHVU=/0x0/filters:format(jpeg)/pic759154.jpg,2,4,30,2007,7.19883,9,"Family, Strategy, Card Game, Medieval"
Blood Rage,https://cf.geekdo-images.com/HkZSJfQnZ3EpS214xtuplg__original/img/Myy6IPDJDzLoPdXrPXVZcddBQoQ=/0x0/filters:format(jpeg)/pic2439223.jpg,2,4,90,2015,7.93552,9,"Strategy, Fantasy, Fighting, Mythology, Area Control, Card Drafting, Minis"
Bohnanza,https://cf.geekdo-images.com/8SADtu_4zBH_UJrCo935Iw__original/img/RNuAr2CDbxE3XzeJVkxj4Df3eVM=/0x0/filters:format(jpeg)/pic6348964.jpg,2,7,45,1997,7.05441,4,"Family, Card Game, Farming, Negotiation, Set Collecting, Trading"
Bora Bora,https://cf.geekdo-images.com/9YEjZIVdWVcUVWC7o8aKsQ__original/img/FmxZfRUytUU35lwbNkTetKJT6YM=/0x0/filters:format(jpeg)/pic1542342.jpg,2,4,120,2013,7.55408,0,
Brass: Birmingham,https://cf.geekdo-images.com/x3zxjr-Vw5iU4yDPg70Jgw__original/img/FpyxH41Y6_ROoePAilPNEhXnzO8=/0x0/filters:format(jpeg)/pic3490053.jpg,2,4,120,2018,8.6005,8,
Brass: Lancashire,https://cf.geekdo-images.com/tHVtPzu82mBpeQbbZkV6EA__original/img/3ffdJj5Pz6HQrg09Kh8ecTen-TY=/0x0/filters:format(jpeg)/pic3469216.jpg,2,4,120,2007,8.19125,1,
Brew,https://cf.geekdo-images.com/8eN5t1p4ncee-eVN9NswDA__original/img/Hhv8kruqZZH1vv5W7gR7QXNZ_KM=/0x0/filters:format(png)/pic6007253.png,2,4,90,2021,7.10182,3,
Brook City,https://cf.geekdo-images.com/LLP630IPFkJyrZjM-XDkrw__original/img/_peoS6gDezAAomo6phD9Qs8rNPg=/0x0/filters:format(jpeg)/pic3948212.jpg,1,4,120,2019,7.27463,0,
Broom Service,https://cf.geekdo-images.com/PcxTKtTwov2vxkZZbRVDAw__original/img/kjg4hSkTE2a8MKlkZNgTGqfKqgc=/0x0/filters:format(jpeg)/pic2546156.jpg,2,5,75,2015,7.16744,9,
Calico,https://cf.geekdo-images.com/6O6HqeMY6z1MPPKKVKp93g__original/img/T8BDrCwo9eklFz5wnThjDYRC4ZE=/0x0/filters:format(jpeg)/pic7714854.jpg,1,4,45,2020,7.55043,4,
Camel Up,https://cf.geekdo-images.com/1ph2jVOD1MudR1fK1nkwwA__original/img/73QLoWe-ejV9mijfd7HWZwns51A=/0x0/filters:format(png)/pic2031446.png,2,8,30,2014,7.04119,4,
Camel Up (Second Edition),https://cf.geekdo-images.com/pRZrHJNoPQ3gay9EkpuZLw__original/img/VHOeHhfYK3n-wYSP0G9RT26U0uQ=/0x0/filters:format(jpeg)/pic4304741.jpg,3,8,45,2018,7.58061,3,"Family, Dice, Racing, Betting"
Capital Lux,https://cf.geekdo-images.com/JRN0PKggKtitvoKXOtw96w__original/img/0ix-g7a__Dky9XPN0a3FTyud1H8=/0x0/filters:format(jpeg)/pic3121734.jpg,2,4,30,2016,7.00088,5,
Carcassonne,https://cf.geekdo-images.com/okM0dq_bEXnbyQTOvHfwRA__original/img/aVZEXAI-cUtuunNfPhjeHlS4fwQ=/0x0/filters:format(png)/pic6544250.png,2,5,45,2000,7.41068,12,
Carnegie,https://cf.geekdo-images.com/0qxz9DRRhsJrIW1TJ-kz0w__original/img/PzsJsCLfGGo4IG3v43VPvH_etPw=/0x0/filters:format(jpeg)/pic5710736.jpg,1,4,120,2022,8.03662,4,
CATAN,https://cf.geekdo-images.com/W3Bsga_uLP9kO91gZ7H8yw__original/img/xV7oisd3RQ8R-k18cdWAYthHXsA=/0x0/filters:format(jpeg)/pic2419375.jpg,3,4,120,1995,7.1004,20,"Family, Strategy, Economic, Negotiation, Dice, Trading"
CATAN: Cities & Knights,https://cf.geekdo-images.com/XVjc87_UzjIhagFeO4r8ew__original/img/EjqC0K9hK6XJOEkF6Hmaz3MKndI=/0x0/filters:format(jpeg)/pic2420315.jpg,3,4,150,1998,7.44732,47,"Family, Strategy, Economic, Negotiation, Dice, Trading"
Century: Eastern Wonders,https://cf.geekdo-images.com/l1xKAcYniMJQNq60H5DdEA__original/img/S37tZ3Ph0N2rryfkjcpgmU4qmCY=/0x0/filters:format(jpeg)/pic3898507.jpg,2,4,45,2018,7.12463,6,
Century: Golem Edition,https://cf.geekdo-images.com/1bihoShOuqaCuZJXB3Q2gQ__original/img/fvGzpqyud6Oz1BWOe4gItWWb8P0=/0x0/filters:format(jpeg)/pic3936124.jpg,2,5,45,2017,7.60259,1,
Century: A New World,https://cf.geekdo-images.com/KJQ1TdlDkLeCfQ3PK75rTA__original/img/h8SUiPGdnSyUriRaLPMqMCFkPD4=/0x0/filters:format(jpeg)/pic4547312.jpg,2,4,45,2019,7.32865,1,
Century: Spice Road,https://cf.geekdo-images.com/0_KEDk4lCvryf1Ju3YQJxA__original/img/zv58Iylm_N8nfVFgRkMVM0Q9Fh8=/0x0/filters:format(jpeg)/pic3339551.jpg,2,5,45,2017,7.30896,27,
Cerebria: The Inside World,https://cf.geekdo-images.com/xZ6CZ8_J4CEwR7TT8_3hKw__original/img/7Ni8b05mJH5CcKoFVbRlYrOnR1g=/0x0/filters:format(png)/pic3568532.png,1,4,120,2018,7.75776,2,
Chai,https://cf.geekdo-images.com/wMd7npCj8VObsqMVK5kawg__original/img/Ffu3d_UNX6tVFbEqk_c7TIdNb3U=/0x0/filters:format(jpeg)/pic4175159.jpg,1,5,60,2019,6.76748,1,
Chakra,https://cf.geekdo-images.com/KJ7S0Cv32wJ0CdBHj7gwcg__original/img/vG6URdrXyXDswE7wlggu9lBTze8=/0x0/filters:format(jpeg)/pic4487174.jpg,1,4,30,2019,6.87986,34,"Family, Abstract Strategy, Set Collection, Gems"
Charterstone,https://cf.geekdo-images.com/yKjDaHQiv28iqtzDxfQOZQ__original/img/TBiQWuVmimy-SBNrsBheCAspf78=/0x0/filters:format(jpeg)/pic3322613.jpg,1,6,75,2017,7.22022,12,"Strategy, Worker Placement, Family, Economic, Medieval, Legacy"
Chinatown,https://cf.geekdo-images.com/QnIOe-1wb8_zuxglKjAwOQ__original/img/KVIx8Af2rXVkyaUA8lxjl_H1aWc=/0x0/filters:format(png)/pic2037509.png,3,5,60,1999,7.42753,3,
Chronicles of Crime,https://cf.geekdo-images.com/1BMyuEwK0zV9005oYinYLw__original/img/3OigysLof9HIk4jvV79Cm-tb-gY=/0x0/filters:format(jpeg)/pic4317519.jpg,1,4,90,2018,7.59795,4,"Adventure, Deduction, Murder/Mystery, Coop, Scenario/Campaign"
Citadels,https://cf.geekdo-images.com/42iW4E-vOumFXRQAiSf-GA__original/img/ochY5pK4sq4vtzkka0OPRwsGLOE=/0x0/filters:format(jpeg)/pic3239104.jpg,2,8,60,2000,7.0635,0,"Family, Strategy, Bluffing, Card Game, City Building, Deduction, Fantasy, Medieval, Card Drafting"
City of the Big Shoulders,https://cf.geekdo-images.com/JImiygpumS35fVxlfsRPXw__original/img/7uft3DL-UNgIE2MQ_B_RbdsBQKw=/0x0/filters:format(jpeg)/pic4223934.jpg,2,4,180,2019,7.76524,2,
Civilization: A New Dawn,https://cf.geekdo-images.com/S0GM2Mxfh8Tmvsdeog0W0g__original/img/VAuHAXQZXWYFXlwbPqbwmmiSv_w=/0x0/filters:format(jpeg)/pic3764168.jpg,2,4,120,2017,7.25979,2,
Clans of Caledonia,https://cf.geekdo-images.com/SPuwc6RJ6y4PnTH36Pegsg__original/img/GcuvCavv-ZZP5_O1kCTrZELuZdY=/0x0/filters:format(png)/pic3511783.png,1,4,120,2017,7.94758,34,"Strategy, Economic, Farming, Market"
Cloud City,https://cf.geekdo-images.com/67-fm8SzCD8JWbNdzqNTSw__original/img/D7x1pEldrxs2yblAOfF5jzEB5m0=/0x0/filters:format(jpeg)/pic5528619.jpg,2,4,60,2020,6.49884,31,
Cockroach Poker,https://cf.geekdo-images.com/lHadyVLPUQfNz_qV6MMp_Q__original/img/qN8xusrxWyTJfgq1gTUWrdE4B2I=/0x0/filters:format(jpeg)/pic3218988.jpg,2,6,20,2004,6.79271,2,
Cockroach Salad,https://cf.geekdo-images.com/RTPjvs-e_CR8twqHhHyqYw__original/img/Be4Jswf1E3t5Ubq5DIZ6I9jQ7EI=/0x0/filters:format(jpeg)/pic2303528.jpg,2,6,20,2007,6.13879,0,"Family, Party, Dexterity, Card Game, Bluffing"
Codenames,https://cf.geekdo-images.com/F_KDEu0GjdClml8N7c8Imw__original/img/gcX_EfjsRpB5fI4Ug4XV73G4jGI=/0x0/filters:format(jpeg)/pic2582929.jpg,2,8,15,2015,7.54654,38,
Codenames: Disney â€“ Family Edition,https://cf.geekdo-images.com/Y05zcr91wl8oUEP6ULAnVg__original/img/GJnZkFmcNxm3SWShmXIO_3bdPAo=/0x0/filters:format(jpeg)/pic3626220.jpg,2,8,15,2017,6.62558,5,
Codenames: Duet,https://cf.geekdo-images.com/0d1EaMVmAiIBROI2QstFSQ__original/img/udyeiYgfDrEymxhfgtqODm0GwwA=/0x0/filters:format(jpeg)/pic3596681.jpg,2,2,30,2017,7.44774,3,
Codenames: Marvel,https://cf.geekdo-images.com/l2rKyxmlUN6r_ZAkP3ZS_g__original/img/8zPqRp-T10GznL7jhgQCMtqpVbA=/0x0/filters:format(jpeg)/pic3626219.jpg,2,8,15,2017,6.20076,2,
Coimbra,https://cf.geekdo-images.com/JJFHx0RiUBYdy9bHAgVSuA__original/img/zwcZQov_aUfBN0z9J9PzsJqomeI=/0x0/filters:format(jpeg)/pic3956079.jpg,2,4,90,2018,7.62317,4,
Coloretto,https://cf.geekdo-images.com/pd3qaiROSgTJ5js_0e4Nhw__original/img/W1cSDjB5Bi9bGhl3VRxQSP_Vw54=/0x0/filters:format(png)/pic6653783.png,2,5,30,2003,6.97867,22,"Family, Card Game, Animals"
Concept,https://cf.geekdo-images.com/hHFs0_KRoW_FJ0cMIVgZcw__original/img/vbR7Wrdlq4fPcwUE1Ck9CowlJHY=/0x0/filters:format(jpeg)/pic4991925.jpg,4,12,40,2013,6.76539,3,
Concordia,https://cf.geekdo-images.com/CzwSm8i7tkLz6cBnrILZBg__original/img/BhJ3sB3uk-eSdR1iW4EP3cu0Wi0=/0x0/filters:format(jpeg)/pic3453267.jpg,2,5,100,2013,8.0974,12,
Concordia: Salsa,https://cf.geekdo-images.com/-4HtbGtzFMC14laR8Azj9Q__original/img/HL81zyOsYN4MGnlYkXUxwp4nGso=/0x0/filters:format(jpeg)/pic3882304.jpg,2,5,90,2015,8.31248,2,
Concordia Venus,https://cf.geekdo-images.com/36WIe0ZHkp5OvHOlB-8vog__original/img/4oIeldEZrg5Fi2YAlc5SzldywaA=/0x0/filters:format(jpeg)/pic4356580.jpg,2,6,120,2018,8.28759,1,
Condottiere,https://cf.geekdo-images.com/PZ3Y8nJBWeQzLrCbjFcNFA__original/img/8Bpu1jLH8p2HG7Wr3qvtd_v4LP8=/0x0/filters:format(jpeg)/pic6974400.jpg,2,6,45,1995,6.8775,2,
Connect Four,https://cf.geekdo-images.com/I_ZPIWEvFlrMa8caT4UD-w__original/img/w93rimjstxQr4BVmaZ_Tl5pQGOw=/0x0/filters:format(jpeg)/pic859430.jpg,2,2,10,1974,4.95081,4,
Cosmic Encounter,https://cf.geekdo-images.com/S8cE-Ld7XP5sVz-upKJ-Bg__original/img/c4ZrfOtpp6tDHLyMsKecc2ne370=/0x0/filters:format(jpeg)/pic1521633.jpg,3,5,120,2008,7.52471,2,"Strategy, Bluffing, Negotiation, Science Fiction, Aliens, Alliances"
Cottage Garden,https://cf.geekdo-images.com/7Zk5_GsYycmHYD4RN3kIJQ__original/img/LbvQO9zKGNFn9UKo_adUsarRarQ=/0x0/filters:format(jpeg)/pic3499059.jpg,1,4,60,2016,6.85523,2,
Council of Verona,https://cf.geekdo-images.com/veF92mGEcTaB88DNqRaL_w__original/img/C-x-EFQfxKo5Kfb3iNlrvqlK6hg=/0x0/filters:format(jpeg)/pic1673162.jpg,2,5,20,2013,6.28793,2,
The Crew: Mission Deep Sea,https://cf.geekdo-images.com/VuBqZ1sMaDAVVHF_OEJP4g__original/img/jGWxczXC_VWZofeAmlO_DkB0hCI=/0x0/filters:format(jpeg)/pic5988903.jpg,2,5,20,2021,8.17956,39,
The Crew: The Quest for Planet Nine,https://cf.geekdo-images.com/98LnQShydr11OBKS46xY-Q__original/img/Q-ZkgnuBu9OTBr7J3qnqPjqamAE=/0x0/filters:format(jpeg)/pic5687013.jpg,2,5,20,2019,7.82007,30,
Crusaders: Thy Will Be Done,https://cf.geekdo-images.com/XkWDxerdbSpZ1UtxWv-a7Q__original/img/a9TPfwOQIsH-4D1JNB86qec2-TI=/0x0/filters:format(jpeg)/pic6740264.jpg,2,4,60,2018,7.48223,4,
Crypt,https://cf.geekdo-images.com/Wkr5PpxPAdwM93cbkMSzpA__original/img/HZZoqXBNhjcaym7p5Udvc0Jtzhk=/0x0/filters:format(jpeg)/pic4551004.jpg,1,4,35,2018,6.5803,6,
Cryptid,https://cf.geekdo-images.com/qrPLpAnhFgc470ZRuXlvbg__original/img/QenUCVaFRry4-wlimHmeLn226Bo=/0x0/filters:format(jpeg)/pic4037705.jpg,3,5,50,2018,7.45394,10,
CuBirds,https://cf.geekdo-images.com/FDBUwGFBkniyl8q4Alvq8A__original/img/PQee1I5tS1r2TjNXMj7XR6uCsxE=/0x0/filters:format(jpeg)/pic7491534.jpg,2,5,20,2018,6.92573,4,
Dead of Winter: A Crossroads Game,https://cf.geekdo-images.com/g4mV4BH-ZrhMUVgil-yV1A__original/img/NjrnSg1aeia8I4eETDU3I1Br7a8=/0x0/filters:format(jpeg)/pic3016500.jpg,2,5,120,2014,7.47104,0,"Bluffing, Deduction, Horror, Zombies, Coop, Dice"
Dead of Winter: The Long Night,https://cf.geekdo-images.com/wpWzYeX4dg5TgNdR9OsxAg__original/img/Cu0M5-DOI29unYaVVm40KDuS-rY=/0x0/filters:format(jpeg)/pic2906832.jpg,2,5,120,2016,7.53667,0,
Deception: Murder in Hong Kong,https://cf.geekdo-images.com/1COY3oeK9aN2_XNimKaNww__original/img/ZzyzlO15ggCfkLg9ckeM4PWNePI=/0x0/filters:format(jpeg)/pic3033330.jpg,4,12,20,2014,7.45696,8,
Decrypto,https://cf.geekdo-images.com/hHZWXnUTMYDd_KTAM6Jwlw__original/img/lL6QJ69UmZT7CeljUcjyA47b-e0=/0x0/filters:format(jpeg)/pic3759421.jpg,3,8,45,2018,7.77261,9,"Part, Deduction, Word Game, Spies"
Detective: City of Angels,https://cf.geekdo-images.com/xWdK1lL-2ZTdzBZGYjjqkw__original/img/952nbRCH-EE0TtcMD_Cpol0tRXQ=/0x0/filters:format(jpeg)/pic3469246.jpg,1,5,150,2019,7.90344,0,"Murder/Mystery, Coop"
Detective: A Modern Crime Board Game,https://cf.geekdo-images.com/wJphcoCCYScWCNkE32D_hw__original/img/qSYnPWdXgggfxYvT03Oa32zSrh0=/0x0/filters:format(jpeg)/pic5756205.jpg,1,5,180,2018,7.67216,0,
Dice Brewing,https://cf.geekdo-images.com/U5dDVPrqcmQQONdQIYs4Ig__original/img/ydrT0ub4gWNQlV9tq2CLxLF_0rU=/0x0/filters:format(png)/pic2230266.png,2,4,45,2014,6.08691,0,
Dinosaur Island,https://cf.geekdo-images.com/hLJv1A1TwrMrLLIJhVpKVA__original/img/LXqkRZSyg3hRMJlUMm2m83gmi_s=/0x0/filters:format(png)/pic3429338.png,1,4,120,2017,7.57475,11,
Disney Villainous: The Worst Takes it All,https://cf.geekdo-images.com/7Ej5V5Dq92QdvVFvISfl_A__original/img/XHykA7cqZ0F4tYiKXw095TvHRno=/0x0/filters:format(jpeg)/pic4216110.jpg,2,6,120,2018,6.96968,4,
Dracula's Feast,https://cf.geekdo-images.com/YYEfCeh-vy2DD6LeTWgcCQ__original/img/D4T_YztatEVpZQqDGT0geI1AsNc=/0x0/filters:format(jpeg)/pic4157021.jpg,4,8,15,2017,6.83865,0,
Dracula's Feast: Cthulhu & Friends,https://cf.geekdo-images.com/eQVKLe2PXK3CZlvkglJ67Q__original/img/QMFGdRcrAKr0u49q5yJVdXBmETE=/0x0/filters:format(jpeg)/pic4157018.jpg,4,10,15,2017,6.67407,0,
Draftosaurus,https://cf.geekdo-images.com/JahbLRZ_jEe8P8gisXUtJw__original/img/Ug7yXzMmgpaqcv7B_lNTXsAk7_g=/0x0/filters:format(jpeg)/pic4447676.jpg,2,5,15,2019,7.10581,16,
Dragon Boats of the Four Seas,https://cf.geekdo-images.com/9eXFvOFu_7ja7EbDdHnrwg__original/img/cOY_oTx68u7eJr-tnUCUrdnGn4Q=/0x0/filters:format(jpeg)/pic4288762.jpg,2,4,45,2019,6.52599,1,
Dragon Brew,https://cf.geekdo-images.com/785AXJRG98bFH64pV_fgZg__original/img/EQguCqBS88vIRf4IdZFXu86njJI=/0x0/filters:format(png)/pic3022777.png,2,4,120,2017,7.33488,1,
Dragon Castle,https://cf.geekdo-images.com/LvBG5jXW8ZFyllrbyJme-A__original/img/u8VQUhndzJDGh1EWdLx4FdsAnWE=/0x0/filters:format(png)/pic3683059.png,1,4,45,2017,7.13016,23,
Dune: Imperium,https://cf.geekdo-images.com/PhjygpWSo-0labGrPBMyyg__original/img/mZzaBAEEJpMlHWWmC0R6Su0OibQ=/0x0/filters:format(jpeg)/pic5666597.jpg,1,4,120,2020,8.4284,5,
Dungeon Petz,https://cf.geekdo-images.com/7JjAm9RM8E2pbu5KCCbsTQ__original/img/67Yryf6M4Tkv6gDAUIsbqPyhJWA=/0x0/filters:format(jpeg)/pic1103979.jpg,2,4,90,2011,7.40664,0,
Eight-Minute Empire,https://cf.geekdo-images.com/HKj7MIw-zV-AmQ7PfoltRg__original/img/mHUi6z1OzjvW-Dm5BAoNcEXdwXs=/0x0/filters:format(jpeg)/pic1443212.jpg,2,5,20,2012,6.55612,2,
Ethnos,https://cf.geekdo-images.com/UIKUXkcnH3Bd4fjcPGINcA__original/img/IrqDqjjm1LY66Zkw7l4RwppaBBI=/0x0/filters:format(png)/pic3304124.png,2,6,60,2017,7.46213,4,
Euphoria: Build a Better Dystopia,https://cf.geekdo-images.com/aaEdtCTpdlDLTn_tuDuC0g__original/img/6mvmw0I7vDfcKSFg-g9E5F4GEgA=/0x0/filters:format(jpeg)/pic1615561.jpg,2,6,60,2013,7.1911,0,
The Expanse Board Game,https://cf.geekdo-images.com/fy2F4nH0TTGPbsoEx2tQrA__original/img/EdVfLOnLkS_a86LYL503kaayRQI=/0x0/filters:format(jpeg)/pic3536365.jpg,2,4,60,2017,7.18271,2,
Exploding Kittens,https://cf.geekdo-images.com/N8bL53-pRU7zaXDTrEaYrw__original/img/0ciN1VZYifUd0qIDO0e8cGXmiss=/0x0/filters:format(png)/pic2691976.png,2,5,15,2015,6.05889,0,
Explorers of the North Sea,https://cf.geekdo-images.com/2sfZ4twDHEwmfGBsq07b-g__original/img/rRN3rUy5niYHix2aVJiCRoJCnYE=/0x0/filters:format(png)/pic3774971.png,1,4,60,2016,7.28919,7,
Fairy Tale,https://cf.geekdo-images.com/J86NZuK4hEnKWST-fH7LcA__original/img/h3A-Cqc1ritIac-UJWGQhodDRV0=/0x0/filters:format(jpeg)/pic2024738.jpg,2,5,30,2004,6.70928,1,
A Fake Artist Goes to New York,https://cf.geekdo-images.com/5Q5YHxJeVp6PAhfv5Ct0-g__original/img/yRNioltDOtjrTRXa0HHoTTCWNf8=/0x0/filters:format(png)/pic3678404.png,5,10,20,2011,7.14401,27,
Favelas,https://cf.geekdo-images.com/27QhjB1lD0PNqOH2DYQvHg__original/img/0sQdxJpjfddcxg4yNAXJ3vpL6K4=/0x0/filters:format(jpeg)/pic3731002.jpg,2,4,45,2017,6.34769,2,
For Sale,https://cf.geekdo-images.com/dJh9HkZC346NgPTAicJq_A__original/img/6ib2NLakSlsf69WYwCOe9NNLcsc=/0x0/filters:format(jpeg)/pic1513085.jpg,3,6,30,1997,7.25049,27,
Founders of Gloomhaven,https://cf.geekdo-images.com/0B9ncaeeRvzZFr2kDbNELA__original/img/FvuyfD8c0g4pmJzFaZ1zq9_Tt0Y=/0x0/filters:format(jpeg)/pic3268237.jpg,1,4,120,2018,6.61089,4,
Fresco,https://cf.geekdo-images.com/DCVRR-zA7Jy9wjuZudTZ8w__original/img/dF1pDf3JLgqAdzD9uhy14Pd3yx8=/0x0/filters:format(jpeg)/pic714398.jpg,2,4,60,2010,7.25312,0,
Gaia Project,https://cf.geekdo-images.com/hGWFm3hbMlCDsfCsauOQ4g__original/img/tjlflQtUPFiTpLpwk1NCVCS29Ic=/0x0/filters:format(png)/pic5375625.png,1,4,150,2017,8.38771,87,"Strategy, Science Fiction, Aliens, Space Exploration, Territory Building"
Ghost Blitz: Spooky Doo,https://cf.geekdo-images.com/sV6IqdyDv3AxPjJycOQ32Q__original/img/ya2mfdCyLOb0STk8t-vhG0g3ES4=/0x0/filters:format(png)/pic3065487.png,2,8,20,2016,6.77248,0,
Gnomes at Midnight,https://cf.geekdo-images.com/2nDfn65DMnf2fMx-1iWcmw__original/img/4JxHcPhCDJUQCugnRb00kSG9954=/0x0/filters:format(png)/pic4358591.png,2,2,10,2019,7.39843,2,
The Godfather: Corleone's Empire,https://cf.geekdo-images.com/umGE4fOLYylHloIvw5bitA__original/img/aeV8Wk1EtLvu4n-ZXAlOAJGmeJk=/0x0/filters:format(jpeg)/pic3364797.jpg,2,5,90,2017,7.52843,2,"Strategy, Economic, Mafia, Movies, Area Control, Auction/Bidding, Card Drafting, Worker Placement"
Grand Austria Hotel,https://cf.geekdo-images.com/GlCmHjdLwv3SqSjv52ToGw__original/img/5vNCdK9mQ0szo_SwSeVQUWnirZ8=/0x0/filters:format(jpeg)/pic6966955.jpg,2,4,120,2015,7.93612,7,
The Great Heartland Hauling Co.,https://cf.geekdo-images.com/IZOWNRAjg8okC5JfGsURfA__original/img/ycj6QgHqeoglHhK8nAxjG4EORM8=/0x0/filters:format(jpeg)/pic1350080.jpg,2,4,30,2013,6.84753,2,
Hanabi,https://cf.geekdo-images.com/JDVksMwfcqoem1k_xtZrOA__original/img/5vNHZiTEhK4aRDuGXv5KImp9cmQ=/0x0/filters:format(jpeg)/pic2007286.jpg,2,5,25,2010,7.04253,57,"Deduction, Memory, Card Game, Abstract, Coop, Family"
Harry Potter: Hogwarts Battle,https://cf.geekdo-images.com/ugYBvYxyWyx8_BqaFKZlGw__original/img/7ifajkbPyvyn8GUavbNOjWZbNYU=/0x0/filters:format(jpeg)/pic3518231.jpg,2,4,60,2016,7.37645,1,
HATSUDEN,https://cf.geekdo-images.com/P27NHg9OTaveacYXCkXJuQ__original/img/DyamV8Iw8nqUKUE0GcbwUwnWKe8=/0x0/filters:format(jpeg)/pic3575446.jpg,2,2,30,2017,6.40598,0,
Hive Mind,https://cf.geekdo-images.com/CdPotpqnreo8BjI0053MOQ__original/img/hScvBhtH5avBIrXQJLCqGFqHPtQ=/0x0/filters:format(png)/pic6706273.png,3,12,90,2016,7.11984,5,
Imhotep,https://cf.geekdo-images.com/HkAt5n4R8XM0vNozl7fftA__original/img/934t5i7J90wlw6mb6p2m_3u98i0=/0x0/filters:format(jpeg)/pic3029488.jpg,2,4,40,2016,7.14689,28,
Imperial Settlers,https://cf.geekdo-images.com/pRwsvyfsRJ-lWWwVJCdXNg__original/img/Cw8O-7dOaO1sZRy95QGImdSm7p8=/0x0/filters:format(jpeg)/pic2871265.jpg,1,4,90,2014,7.32218,0,
The Isle of Cats,https://cf.geekdo-images.com/AuAheDzhkLufiZFE9JaRNA__original/img/pKq-l1Ms78olHwMbZYMa_x6m-fM=/0x0/filters:format(jpeg)/pic4781085.jpg,1,4,90,2019,7.71558,29,
Isle of Skye: From Chieftain to King,https://cf.geekdo-images.com/GCxsnITFBO1pNXiBYkq_qA__original/img/8uoTbz4B_M1GbT4N3vGN-bhZF2Q=/0x0/filters:format(jpeg)/pic2524838.jpg,2,5,50,2015,7.39726,10,
Istanbul,https://cf.geekdo-images.com/PHH9Mreen2sBcxV6ZsE3ew__original/img/pHIJibqf-DmlOQD3CfT_rAjGmc0=/0x0/filters:format(jpeg)/pic1885326.jpg,2,5,60,2014,7.54512,3,
It's a Wonderful World,https://cf.geekdo-images.com/od4vDTdXGPSVc-kjLqM11w__original/img/sN8TnSkFGCzNM01b_drFxwYnqlM=/0x0/filters:format(jpeg)/pic4651175.jpg,1,5,60,2019,7.68352,32,
Jaipur,https://cf.geekdo-images.com/_LTujSe_o16nvjDC-J0seA__original/img/zUnAdsgt4dCxvtoRDc_9DHbic0M=/0x0/filters:format(jpeg)/pic5100947.jpg,2,2,30,2009,7.488,14,
Jeju Island,https://cf.geekdo-images.com/G3v4ViYcvw8DuoX4wda38g__original/img/p8HvS3Dt5Gy1p6fuQQnMWXxWZFQ=/0x0/filters:format(jpeg)/pic3017290.jpg,2,4,30,2015,6.4172,0,
Just One,https://cf.geekdo-images.com/ocAuKT9hp99yBY77e4uuPg__original/img/hYCWWUIvO5DnVqx_Ij4JnRIyLHo=/0x0/filters:format(jpeg)/pic5137279.jpg,3,7,60,2018,7.60054,7,
Keyflower,https://cf.geekdo-images.com/HbfgxDJZQnNEZQKvpmJxQg__original/img/HsrtfanhKfXX07zNEm-xZpSbxyY=/0x0/filters:format(jpeg)/pic2278942.jpg,2,6,120,2012,7.72817,0,
Kingdom Builder,https://cf.geekdo-images.com/kJOP_BICVX-88sKqFRh9PQ__original/img/2m6YJhA3JbYe1cNhybRtFJrRECw=/0x0/filters:format(jpeg)/pic1152359.jpg,2,4,45,2011,6.94378,182,
Kingdom Builder: Crossroads,https://cf.geekdo-images.com/rqpI-ulKugcZDqstHEXBow__original/img/D4yOZ30DhIlXTQzRHFNPQ3l0lCY=/0x0/filters:format(jpeg)/pic1550248.jpg,2,5,45,2013,7.5729,0,
Kingdomino,https://cf.geekdo-images.com/3h9W8BfB_rltQ48EBmHliw__original/img/DDk3fDr0FkDpkYAcny5LeekB2qg=/0x0/filters:format(png)/pic3132685.png,2,4,25,2016,7.31339,12,
The Lady and the Tiger,https://cf.geekdo-images.com/qdKy1hoBmVj6PE6YHu-jaQ__original/img/zyVOKvCTMZ1jmzKatSXm0RoxlWY=/0x0/filters:format(jpeg)/pic4088921.jpg,1,6,20,2017,6.31025,3,
Last Will,https://cf.geekdo-images.com/lJ-yg0oUpHLWI6If6Q-JbA__original/img/c14HvRB3EME-flsZmQRIaJa3Nj4=/0x0/filters:format(jpeg)/pic2442432.jpg,2,5,75,2011,7.17068,1,
Last Will: Getting Sacked,https://cf.geekdo-images.com/tvUdzkyc5bne9hnqowl-HQ__original/img/H98XC9XNLqF8wcx5s6QPg1et8B4=/0x0/filters:format(jpeg)/pic1788540.jpg,2,5,75,2013,7.51723,0,
Level 10,https://cf.geekdo-images.com/MEBRXJCPDlRDlCah7qNoyA__original/img/Pnu2XIarbRYcvvPP4-dB5FGqBO8=/0x0/filters:format(jpeg)/pic7245178.jpg,1,5,32,2016,6.52481,1,
Living Forest,https://cf.geekdo-images.com/fPhdfZX9UTLr4-SVgK0zoQ__original/img/ZPdxDPt1jSRQMNnVgn-qIPhNv0E=/0x0/filters:format(jpeg)/pic5899025.jpg,1,4,40,2021,7.28058,37,"Family, Animals, Fantasy, Deck Building, Push Your Luck"
Look at the Stars,https://cf.geekdo-images.com/D1-HKBRnuqHbzY1vt86Vgw__original/img/Ko5oUwfKHwrJwg0h2El4ljONVns=/0x0/filters:format(jpeg)/pic6924820.jpg,2,8,30,2022,6.08249,10,
Lords of Waterdeep,https://cf.geekdo-images.com/-hk8f8iGk_DyWyMrfiPBkg__original/img/GWNOhno3y7g0XE00VacKaRxoczk=/0x0/filters:format(jpeg)/pic1116080.jpg,2,5,120,2012,7.73448,0,
Lost Ruins of Arnak,https://cf.geekdo-images.com/6GqH14TJJhza86BX5HCLEQ__original/img/CXqwimJPonWy1oyXEMgPN_ZVmUI=/0x0/filters:format(jpeg)/pic5674958.jpg,1,4,120,2020,8.08119,3,
Luna,https://cf.geekdo-images.com/tMYWtENCa6qdHg3DLIDqcw__original/img/36hPaylXSE-5S4oKm6TPb9ElU6A=/0x0/filters:format(png)/pic2538939.png,1,4,100,2010,7.30053,0,
Luxor,https://cf.geekdo-images.com/C9nhhIS2zRuneMt0FBK1zg__original/img/lUDrmhc8SXxr6zn8dLuS3uIhT4g=/0x0/filters:format(jpeg)/pic3955965.jpg,2,4,45,2018,7.18952,7,
Magic Maze,https://cf.geekdo-images.com/wJfDIveg2zpTGn8E1WzEpA__original/img/hlp96WuBfwiCijcfPddNmfgTq6E=/0x0/filters:format(jpeg)/pic3268473.jpg,1,8,15,2017,6.96255,11,
Mamma,https://cf.geekdo-images.com/QDAJMN4WHHfvx891WMAuxA__original/img/_Mi8hfZW1pdH0YAJzcn_dEAlyII=/0x0/filters:format(jpeg)/pic144977.jpg,2,4,90,2006,4.55909,0,
The Manhattan Project: Energy Empire,https://cf.geekdo-images.com/-aaspZ2Oq1VuAADvbUoeww__original/img/fr4sH1ViKPtRys-gjCY4dY8UuQE=/0x0/filters:format(jpeg)/pic3048617.jpg,1,5,120,2016,7.74848,4,
The Mind,https://cf.geekdo-images.com/q_JGK291hrhnhiRB0667oA__original/img/8VjZEG278faO9JZwzce3v3EKssI=/0x0/filters:format(png)/pic3979766.png,2,4,20,2018,6.76699,9,
Muse,https://cf.geekdo-images.com/6gDD73LSCMrr7ab1LHCXCg__original/img/PD8dhfO_eTUCZrAxFt_ihXOg3Ig=/0x0/filters:format(jpeg)/pic3719954.jpg,2,12,30,2017,6.61431,3,
Mysterium,https://cf.geekdo-images.com/wfeAiLK5n5hD1omhnlYLLA__original/img/uhvKoYDfAsLg-nMkjQcbSJTDFmU=/0x0/filters:format(jpeg)/pic2601683.jpg,2,7,42,2015,7.22394,3,
Mystery of the Temples,https://cf.geekdo-images.com/-pEmS5F1Z94KSA7VQ4Tt9w__original/img/ilA9cs3MDruLyfyT5fCav8cD84k=/0x0/filters:format(jpeg)/pic4124305.jpg,2,4,40,2017,6.55412,1,
Near and Far,https://cf.geekdo-images.com/lm8OOgJupqd3Q-fZ3DsQhw__original/img/hTV2P_-UPntaLbQB3Dl17LYz42A=/0x0/filters:format(jpeg)/pic3605785.jpg,2,4,120,2017,7.68982,5,
Neta-Tanka: Deluxe Edition,https://cf.geekdo-images.com/lA-IGC3C5fghAhlZoQRhwg__original/img/kUtxPwWvOZYMIiAVuGguavdPs1A=/0x0/filters:format(jpeg)/pic4766535.jpg,1,5,90,2019,7.17376,1,
Newton,https://cf.geekdo-images.com/ZyCjYnNS6VFF1X7e6IFA1A__original/img/4CK6Cx5xj0b0p6r69c7kvDjANGE=/0x0/filters:format(jpeg)/pic4058665.jpg,1,4,90,2018,7.56101,1,
Nidavellir,https://cf.geekdo-images.com/PX7t5xXDLI2XqxoTShLayg__original/img/KYzd3fBTCxrRxEvNvzabNbll7Wg=/0x0/filters:format(jpeg)/pic5039625.jpg,2,5,45,2020,7.60295,47,
Nidavellir: Thingvellir,https://cf.geekdo-images.com/4Dn6EoVDavzS59MHJrrB8Q__original/img/WNEe5nFcoJ4UZnevSwm815ZvCms=/0x0/filters:format(jpeg)/pic5859450.jpg,2,5,45,2020,7.82189,1,
NMBR 9,https://cf.geekdo-images.com/a6j6yZmBJ5J2hcuo0KOW-A__original/img/PtqzpYyf8ENzK589ZVNifR62V3Y=/0x0/filters:format(jpeg)/pic3328269.jpg,1,4,20,2017,6.86069,3,
Not Alone,https://cf.geekdo-images.com/2nPAI9x1rOjj2fq30qRFvQ__original/img/Sc9SmhfC5cLiDdXeY9HOQphCKcQ=/0x0/filters:format(jpeg)/pic3118416.jpg,2,7,45,2016,6.97247,1,
Noxford,https://cf.geekdo-images.com/5Kb8wUe7nsPfTf7FB_6U8A__original/img/YGK4XseuSmp9jCHV_zizW6Qe90Y=/0x0/filters:format(jpeg)/pic3690875.jpg,2,4,40,2016,6.14197,1,
Oceans,https://cf.geekdo-images.com/1J7_qmdohyypZNyvu8B45A__original/img/N4cHTwdthImTVqNrJUN9jQDskRc=/0x0/filters:format(jpeg)/pic4382323.jpg,2,4,90,2020,7.46607,0,
On Mars,https://cf.geekdo-images.com/Nm0Iw8NoiM9V8IsifimGBw__original/img/GNjjsgxq7wYO9pSIteDJe6Sxt00=/0x0/filters:format(jpeg)/pic4357658.jpg,1,4,150,2020,8.20177,1,
One Night Ultimate Werewolf,https://cf.geekdo-images.com/KLDb0vR3w8mfaHgIGF0gHw__original/img/9YTYFSMwiRA01ZRNG0R5e9Rq01E=/0x0/filters:format(jpeg)/pic1809823.jpg,3,10,10,2014,7.06241,3,"Bluffing, Deduction, Party, Horror, Hidden Roles"
Onitama,https://cf.geekdo-images.com/GJKuOCy5HGAYgVH_Rei5mA__original/img/oRsIxp72iv58128KFdqvjG6Gz64=/0x0/filters:format(jpeg)/pic7070194.jpg,2,2,20,2014,7.35281,11,
The Oracle of Delphi,https://cf.geekdo-images.com/tZFlvhcA97SjyNGurpU6Ag__original/img/BdmVT0x8dOy65F2IFSYYTyLSqfU=/0x0/filters:format(jpeg)/pic3574541.jpg,2,4,100,2016,7.30174,13,"Strategy, Mythology, Nautical, Ancient"
Otys,https://cf.geekdo-images.com/s6AjwCWQfx_QMwQu1GjDlA__original/img/aCGyu5_4HT9QAfYUjfKg3F0lpWI=/0x0/filters:format(jpeg)/pic3668630.jpg,1,4,60,2017,6.96264,3,
Pandemic,https://cf.geekdo-images.com/S3ybV1LAp-8SnHIXLLjVqA__original/img/IsrvRLpUV1TEyZsO5rC-btXaPz0=/0x0/filters:format(jpeg)/pic1534148.jpg,2,4,45,2008,7.54049,0,Coop
Pandemic Legacy: Season 0,https://cf.geekdo-images.com/y0x1zbkpUXjddzWWnhekYw__original/img/2VlfzwT4b8f1s2HqbilcjR-bM3I=/0x0/filters:format(jpeg)/pic5581457.jpg,2,4,60,2020,8.41588,4,"Coop, Legacy"
Pandemic Legacy: Season 1,https://cf.geekdo-images.com/-Qer2BBPG7qGGDu6KcVDIw__original/img/PlzAH7swN1nsFxOXbfUvE3TkE5w=/0x0/filters:format(png)/pic2452831.png,2,4,60,2015,8.5309,0,"Coop, Legacy"
Pandemic Legacy: Season 2,https://cf.geekdo-images.com/Qtkb-UTvHa0-kxt_MK1nKw__original/img/wJiRr7lBmWSKcRS3lPpvKIPMgQQ=/0x0/filters:format(jpeg)/pic3763549.jpg,2,4,60,2017,8.03964,19,"Coop, Legacy"
Patchwork,https://cf.geekdo-images.com/wLW7pFn0--20lEizEz5p3A__original/img/B1j7R-slq8wxgC71Sg1F7S1s7Kg=/0x0/filters:format(jpeg)/pic2270442.jpg,2,2,30,2014,7.59962,2,
Photosynthesis,https://cf.geekdo-images.com/HhkYuVxMy-XrRCBWmZ78Eg__original/img/V6bgfuxV2jfmRbz9pJVyK01x6dI=/0x0/filters:format(jpeg)/pic3364832.jpg,2,4,60,2017,6.98275,3,
Point Salad,https://cf.geekdo-images.com/Xy0W9NtEpX0EVjwgxO3IEA__original/img/WdLBZcryNqysYsyC3PNF9FeaPWQ=/0x0/filters:format(png)/pic4621571.png,2,6,30,2019,7.161,7,
Potion Explosion,https://cf.geekdo-images.com/vwjYMFporFhvAU48k73MIw__original/img/6sAfG89R42SJRv2wjiItRTMmcoQ=/0x0/filters:format(jpeg)/pic7298696.jpg,2,4,45,2015,7.12896,27,
Professor Evil and The Citadel of Time,https://cf.geekdo-images.com/NvOXSq-ylkwRtGuxppjpVw__original/img/2pyFrTDfgUeFV5gVFjM2rpOrF9Y=/0x0/filters:format(jpeg)/pic3495278.jpg,2,4,45,2017,6.61161,2,
Pulsar 2849,https://cf.geekdo-images.com/6TOzhqw0BXNxbUZCl0k1sg__original/img/tj-4BHcZxjUmiJpMnPCxXF1g0YY=/0x0/filters:format(jpeg)/pic6285702.jpg,2,4,90,2017,7.66853,3,
The Quacks of Quedlinburg,https://cf.geekdo-images.com/pH5LgRL4mNRon-2NsSDb1Q__original/img/8PEJOyuKGbTaEGbUbCoLQy_i65Y=/0x0/filters:format(png)/pic6137509.png,2,4,45,2018,7.83194,1,
The Quest for El Dorado,https://cf.geekdo-images.com/b5VyYjNfAxJ4Z-Dx2UWlqg__original/img/-GqQ0EOfg9e3yFVpKgJbPdlunso=/0x0/filters:format(jpeg)/pic7945692.jpg,2,4,60,2017,7.67414,1,
The Quick and the Undead,https://cf.geekdo-images.com/Vtb_U8uFse-PUZ0aB-ZvIA__original/img/LMvya9MB8SRJtCxukCU4H5U1CF8=/0x0/filters:format(jpeg)/pic4956819.jpg,1,6,60,2020,6.7604,1,
Qwixx,https://cf.geekdo-images.com/aOt-bT9nDzZdWl0dUqLy4w__original/img/BBC0kwf7JPYMxYGnsSDRaZ_BRF4=/0x0/filters:format(jpeg)/pic1950487.jpg,2,5,15,2012,6.86341,6,
Railroad Ink: Deep Blue Edition,https://cf.geekdo-images.com/x3hjEgkxZE9M96o6wgj6Tw__original/img/aLU9rLTBaZhBK_U6YMUY8mmJnrM=/0x0/filters:format(png)/pic4097632.png,1,6,30,2018,7.18623,41,"Family, Dice, Trains, Roll-and-Write, Network and Route Building"
Rajas of the Ganges,https://cf.geekdo-images.com/hR5sxxqNY3gjvLwifaqRww__original/img/kaXHOjBJX-URkjTjhQUhFl7E8Ng=/0x0/filters:format(jpeg)/pic3646165.jpg,2,4,75,2017,7.72754,3,
The Red Dragon Inn,https://cf.geekdo-images.com/RCXedcfgn5LSfH4-kOUvLA__original/img/Fr16k-_UzhrIB6_yre7SrMhkDxU=/0x0/filters:format(jpeg)/pic291048.jpg,2,4,45,2007,6.55653,0,
The Red Dragon Inn 3,https://cf.geekdo-images.com/v_A9anux7cv1kea3inNKFQ__original/img/oZ6oWb_8Dm46gT_Wl3c1vei1hK0=/0x0/filters:format(jpeg)/pic1022815.jpg,2,4,60,2011,7.20287,0,
Red Rising,https://cf.geekdo-images.com/V6QEXXgRgz3urOrRVZ_1zA__original/img/Gp9hIVv-zRxlkrO5Pmg3aXb4P1M=/0x0/filters:format(jpeg)/pic5960554.jpg,1,6,60,2021,7.02474,4,
Reef,https://cf.geekdo-images.com/I3BgmkjP3g6cRQ4cejoHrg__original/img/m0FXYQ2cNByp2YXLSK632rcH1_Q=/0x0/filters:format(png)/pic5376430.png,2,4,45,2018,7.02082,3,
Res Arcana,https://cf.geekdo-images.com/gcALy45JfcjyKUn6T3mBIQ__original/img/YLSAurBSWEGi3PHsuQWi8St_0Yg=/0x0/filters:format(jpeg)/pic4422847.jpg,2,4,60,2019,7.66034,41,"Strategy, Card Game, Fantasy, Hand Management, Card Drafting"
The Resistance,https://cf.geekdo-images.com/cAPTkL2BR3snLO71dkH8rw__original/img/_UahoIUTqh39xRqzCc2jwgdYbSA=/0x0/filters:format(jpeg)/pic2576459.jpg,5,10,30,2009,7.21882,3,
The Resistance: Avalon,https://cf.geekdo-images.com/LPa6rsGcv8S0-OeNjCOAEQ__original/img/AF8HHaIad1re-eg3kd9mlm2j_ss=/0x0/filters:format(jpeg)/pic1398895.jpg,5,10,30,2012,7.51979,21,"Bluffing, Deduction, Party, Fantasy, Medieval, Negotiation, Spies, Hidden Roles"
The Rise of Queensdale,https://cf.geekdo-images.com/6pzry5HDqc1iOgpU3dbDDw__original/img/Q5NOTiGvBt07YRe_mn-OHbbtGnI=/0x0/filters:format(jpeg)/pic4189319.jpg,2,4,60,2018,7.44107,20,"Legacy, Medieval, Civilization, Worker Placement"
Rising Sun,https://cf.geekdo-images.com/iwevA6XmiNLHn1QnGUucqw__original/img/pKJ1XyLN4hvHim5eRj2VJHijv1E=/0x0/filters:format(jpeg)/pic3880340.jpg,3,5,120,2018,7.77848,3,"Strategy, Mythology, Negotiation, Alliances, Area Control, Fantasy, Minis, Fighting"
ROBiTs,https://cf.geekdo-images.com/lGtq_adApIRxi3jWhu9d1g__original/img/HmERRysl8X4oAJLgHB83jIbwFEk=/0x0/filters:format(png)/pic3495319.png,2,7,20,2017,5.33918,1,
Roll for the Galaxy,https://cf.geekdo-images.com/nhoyoLpYPC2b3UiJ5kJ0yg__original/img/LoETJCbq1HpSlhPLdci3qJekpwA=/0x0/filters:format(jpeg)/pic1473629.jpg,2,5,45,2014,7.59503,4,
Royals,https://cf.geekdo-images.com/Un-yHPPUaH7IpTfiG7ffkw__original/img/rOD_UORh5dzMisuJFBP7548XbkU=/0x0/filters:format(jpeg)/pic3021582.jpg,2,5,60,2014,7.16946,1,
Sagrada,https://cf.geekdo-images.com/PZt3EAAGV3dFIVuwMR0AEw__original/img/5ug9EeKlH_ucJEUXaFpTZbBJ1GY=/0x0/filters:format(jpeg)/pic3525224.jpg,1,4,45,2017,7.47924,21,
Santorini,https://cf.geekdo-images.com/665Ply7Ho1WVf1v1iZlWeg__original/img/4q6RCxd7st-yW2MyrJwVC_d3ajk=/0x0/filters:format(png)/pic3283110.png,2,4,20,2016,7.36928,24,
Scythe,https://cf.geekdo-images.com/7k_nOxpO9OGIjhLq2BUZdA__original/img/HlDb9F365w0tSP8uD1vf1pfniQE=/0x0/filters:format(jpeg)/pic3163924.jpg,1,5,115,2016,8.1521,13,"Strategy, Economic, Fighting, Science Fiction, Territory Building, Area Control"
Scythe: The Rise of Fenris,https://cf.geekdo-images.com/GRp__UYY-wM-i2fg4Qzefw__original/img/XJgcyfvPBsrxdew_vyvf96MUK6I=/0x0/filters:format(jpeg)/pic3911078.jpg,1,5,150,2018,8.71881,18,
The Search for Planet X,https://cf.geekdo-images.com/NItjtztEUAKOpaTWZddu9A__original/img/fr-JmerGdiEj6r9UM7F6laogGF0=/0x0/filters:format(jpeg)/pic5744928.jpg,1,4,75,2020,7.97125,4,"Deduction, Space, App-based"
Secrets of the Lost Tomb,https://cf.geekdo-images.com/_3vW_TakM3xJ5TSdrPLN-g__original/img/z-OtwOAcYdyvCvODUs6k7-OQEko=/0x0/filters:format(jpeg)/pic3136431.jpg,1,6,120,2015,7.31019,0,
Seikatsu,https://cf.geekdo-images.com/fw3N-Y8tINMF1pAfACDN_g__original/img/yYxg_mkU1Anm-MoDb_TzBbCAXBw=/0x0/filters:format(jpeg)/pic3918997.jpg,1,4,30,2017,6.98368,15,"Abstract, Family, Animals"
Sentient,https://cf.geekdo-images.com/GMVGWh_YNClAIWIBoTvb-w__original/img/v73NwJc5dgcZFaJiYMi-OA94dAU=/0x0/filters:format(jpeg)/pic3496086.jpg,2,4,60,2017,7.19756,3,
Sentient,https://cf.geekdo-images.com/GMVGWh_YNClAIWIBoTvb-w__original/img/v73NwJc5dgcZFaJiYMi-OA94dAU=/0x0/filters:format(jpeg)/pic3496086.jpg,2,4,60,2017,7.19756,3,
Sequence,https://cf.geekdo-images.com/VosGBqkOjkhgC2QFS1o3_g__original/img/ZIc1p75HIEOIwtKy9ZIHsP2l0zQ=/0x0/filters:format(jpeg)/pic212893.jpg,2,12,30,1982,6.11251,20,"Family, Card Game, Abstract, Area Control"
Sharp Shooters,https://cf.geekdo-images.com/l6eh96g0nqAnCz64sbxmHQ__original/img/c2MoXNHVpXxiWWOIf-YwuwtZLhs=/0x0/filters:format(jpeg)/pic471474.jpg,2,6,45,1994,6.43834,0,
The Shipwreck Arcana,https://cf.geekdo-images.com/yv5EAl5uidhZ53WJI-bQ4g__original/img/M7dWeql-u4Xtcaff5tfSCa2AvSs=/0x0/filters:format(png)/pic4042715.png,2,5,30,2017,7.46266,3,
Sidereal Confluence,https://cf.geekdo-images.com/3V1Nmee3P4qSpVmWO9uGgw__original/img/1D98HsjtX5IzcwUMvd-67z1xzKo=/0x0/filters:format(jpeg)/pic4981297.jpg,4,9,180,2017,7.77544,8,
Skull,https://cf.geekdo-images.com/OPrd2iXm43dir7BwKAMOuQ__original/img/ygPnbmg8FCpA7jO5gXw38uyNQ10=/0x0/filters:format(jpeg)/pic6097488.jpg,3,6,45,2011,7.19338,6,
Sleuth,https://cf.geekdo-images.com/-FI9Wy5V-Jr7hOCc6w0fbQ__original/img/11k8HMQTB9LrQ-oGoOXFFrR0YlE=/0x0/filters:format(png)/pic1339353.png,3,7,45,1971,6.90517,5,
Smartphone Inc.,https://cf.geekdo-images.com/Ndctxvd7kBXYubeYRKRqzw__original/img/gGL8Fh-pFgTqB3lF-47ClLYLu8s=/0x0/filters:format(jpeg)/pic4258616.jpg,1,5,90,2018,7.58994,4,
Solitaire for Two,https://cf.geekdo-images.com/qFmGZ78XezHwinQt42qTqA__original/img/l0f9UemBpGUHHFpMmCVvePquQXY=/0x0/filters:format(jpeg)/pic1280420.jpg,1,4,45,2001,6.71663,0,
Splendor,https://cf.geekdo-images.com/rwOMxx4q5yuElIvo-1-OFw__original/img/Y2tUGY2nPTGd_epJYKQXPkQD8AM=/0x0/filters:format(jpeg)/pic1904079.jpg,2,4,30,2014,7.42354,36,"Family, Economic, Set Collection"
Splendor: Cities of Splendor,https://cf.geekdo-images.com/H7YUcZPxhbq2fPuzuxODlg__original/img/vFef8CbVK4ldaHq3Qt0y5QmVAOw=/0x0/filters:format(jpeg)/pic3711701.jpg,2,4,30,2017,7.34535,5,
Spyfall,https://cf.geekdo-images.com/Ehx72XRdSeQHISVXcZVnHg__original/img/bI3PgKtvAGiD59QYya-pqasF_tk=/0x0/filters:format(jpeg)/pic2453926.jpg,3,8,15,2014,6.7815,9,
Star Wars: Rebellion,https://cf.geekdo-images.com/7SrPNGBKg9IIsP4UQpOi8g__original/img/GKueTbkCk2Ramf6ai8mDj-BP6cI=/0x0/filters:format(jpeg)/pic4325841.jpg,2,4,240,2016,8.42017,0,
Stone Age,https://cf.geekdo-images.com/elmZegVZ6gp4_5izUgxGQQ__original/img/cR92Dm6yQ3Lgxt1yR81zUb0ooqQ=/0x0/filters:format(jpeg)/pic1632539.jpg,2,4,90,2008,7.52842,4,
Summit: The Board Game,https://cf.geekdo-images.com/u1SgtrV9rhLYRQzYuLVCGQ__original/img/DISJTVonSJm_0QOWzp2wDKl5LMo=/0x0/filters:format(jpeg)/pic3455804.jpg,1,6,180,2017,7.12314,0,
Sushi Go!,https://cf.geekdo-images.com/Fn3PSPZVxa3YurlorITQ1Q__original/img/5vRsn2TT9eJmq27i9HtLWKpB_xs=/0x0/filters:format(jpeg)/pic1900075.jpg,2,5,15,2013,7.00793,3,
Take 5,https://cf.geekdo-images.com/fejfmCLX0kSSKppT5iv_Pg__original/img/E982nMiCQhBmIqyP7BiKITx-om4=/0x0/filters:format(jpeg)/pic7649146.jpg,2,10,45,1994,6.96354,21,"Family, Card Game"
Takenoko,https://cf.geekdo-images.com/uvz-5V6A2R6dp2oWIXmj_g__original/img/HxMG1z7bIVGCGPI6u6ciVO0Oubk=/0x0/filters:format(jpeg)/pic1912529.jpg,2,4,45,2011,7.21823,8,
Targi,https://cf.geekdo-images.com/wHg4fOf48cs1kw1PDOk1tQ__original/img/St4ABQhpauYiq4Mt6-f38JtLOjM=/0x0/filters:format(jpeg)/pic3958793.jpg,2,2,60,2012,7.61556,2,
Tekhenu: Obelisk of the Sun,https://cf.geekdo-images.com/CBLtzgG8zsqDkUZ_hN5-ew__original/img/jEL4WHl98vZHaZFcw9hDXxsxjSo=/0x0/filters:format(jpeg)/pic5313583.jpg,1,4,120,2020,7.72119,3,
Telestrations,https://cf.geekdo-images.com/oc3u6OQpJkf9TvDw4iI9xA__original/img/Hh2zbSnLEARMlNg0OzImf2-5FIw=/0x0/filters:format(jpeg)/pic4991936.jpg,4,8,30,2009,7.38535,1,"Family, Party, Drawing, Humor"
Teotihuacan: City of Gods,https://cf.geekdo-images.com/wW5xjgBJcFyLaEWZwrYuKA__original/img/72kzn6t41ZxLEr3GFd8ir6hDdH4=/0x0/filters:format(jpeg)/pic4583626.jpg,1,4,120,2018,7.87217,12,"Strategy, Worker Placement, Ancient, Rondel, Civilization, Economic, Dice"
Terraforming Mars,https://cf.geekdo-images.com/wg9oOLcsKvDesSUdZQ4rxw__original/img/thIqWDnH9utKuoKVEUqveDixprI=/0x0/filters:format(jpeg)/pic3536616.jpg,1,5,120,2016,8.36495,16,"Strategy, Economic, Card Drafting, Environmental, Space Exploration, Science Fiction, Territory Building"
Terraforming Mars: Turmoil,https://cf.geekdo-images.com/KJHDZ_QwU6nAwrc53ixfJw__original/img/UPhbpsxHxAOdQT1zOpQoJgKWCs0=/0x0/filters:format(jpeg)/pic4599496.jpg,1,5,150,2019,7.50937,0,
Through the Desert,https://cf.geekdo-images.com/Rq_hJIAO7jDgIpAW943hJA__original/img/9lIQGNwBYmAlsgXOI6Iw2Q2CIkA=/0x0/filters:format(jpeg)/pic7697747.jpg,2,5,45,1998,7.09631,4,
Thurn and Taxis,https://cf.geekdo-images.com/OlwMFxx9t6HGndTSKaWxhg__original/img/SPiwIEJ1u6hBJtG4p4BrCgrPwDs=/0x0/filters:format(jpeg)/pic115300.jpg,2,4,60,2006,7.0906,16,
Ticket to Ride,https://cf.geekdo-images.com/ZWJg0dCdrWHxVnc0eFXK8w__original/img/LgzEsQlF3xkSEQLoorc8ntiYiIY=/0x0/filters:format(jpeg)/pic38668.jpg,2,5,60,2004,7.39404,6,
Tiny Towns,https://cf.geekdo-images.com/aE1EoOzr530gQin8bj8QDA__original/img/-GDAsvmQ3wkuHaZ8h9G5Gk_nvVA=/0x0/filters:format(jpeg)/pic4460401.jpg,1,6,60,2019,7.23068,8,"Family, Abstract, City Building"
Tokaido,https://cf.geekdo-images.com/81z-qIsx51gT1PDRGQ_dDA__original/img/CooNWBRczlMPhvQDv9PvvNJaW54=/0x0/filters:format(jpeg)/pic7739376.jpg,2,5,45,2012,6.93349,5,
Trajan,https://cf.geekdo-images.com/djdeCr__iNV5rMnGnxNiaQ__original/img/-pxFp0FHDLLZK_hMT5kHG7IAQ7M=/0x0/filters:format(png)/pic4336095.png,2,4,120,2011,7.75227,8,"Strategy, Ancient, Civilization, Card Drafting, Worker Placement, Mancala, Rondel, Set Collecting"
Trickerion: Legends of Illusion,https://cf.geekdo-images.com/9gob752VqEklQFV_gz16hw__original/img/ivQUea2qrHp2TDLM4i7gp1123vQ=/0x0/filters:format(png)/pic2585510.png,2,4,180,2015,7.97432,3,
Turing Machine,https://cf.geekdo-images.com/un5yundwtC6q1U9gWTY8Yw__original/img/wFqPVYmL1i9rc426afzYana7ZnE=/0x0/filters:format(png)/pic6883492.png,1,4,20,2022,7.75076,117,"Strategy, Deduction, Math"
Twice as Clever!,https://cf.geekdo-images.com/5F4jkBIAbtkLJXOtvBjh3g__original/img/wnrJkPHJDbaT5nDbpjCxGIN5ZZE=/0x0/filters:format(jpeg)/pic8014068.jpg,1,4,30,2019,7.44607,7,"Roll and Write, Dice, Family"
Twilight Imperium: Fourth Edition,https://cf.geekdo-images.com/_Ppn5lssO5OaildSE-FgFA__original/img/kVpZ0Maa_LeQGWxOqsYKP3N4KUY=/0x0/filters:format(jpeg)/pic3727516.jpg,3,6,480,2017,8.60635,3,
Tzolk'in: The Mayan Calendar,https://cf.geekdo-images.com/kXf7mDyDYuHg6oe8yTUIEA__original/img/f6-Au0KTnNR4nugSu2U-wPNbZCU=/0x0/filters:format(jpeg)/pic4604439.jpg,2,4,90,2012,7.86333,5,
Ultimate Railroads,https://cf.geekdo-images.com/zwAQWL7YfL8kC5Bgp67soQ__original/img/EFELpTEE1l-Vn_5ZqYSS5jmMxlc=/0x0/filters:format(jpeg)/pic6378170.jpg,1,4,120,2021,8.4451,49,"Strategy, Trains, Industry/Manufacturing, Worker Placement"
Underwater Cities,https://cf.geekdo-images.com/PwOwTVHovJAUQgghnGqCOg__original/img/1WL5-4DZi0hX76HEgsLIYRRaIh4=/0x0/filters:format(png)/pic4837710.png,1,4,150,2018,8.0704,4,
Unlock!: Exotic Adventures,https://cf.geekdo-images.com/RDhNC7mIZHdNBfRRQ7q7nA__original/img/kdK3cc37IG1MlGb5Njy3R2_Z5bE=/0x0/filters:format(png)/pic4511284.png,1,6,90,2018,7.31416,3,
Unlock!: Heroic Adventures,https://cf.geekdo-images.com/biw1DYvUdQ4-ZgIOtUDqhQ__original/img/vV6PSQWPpihv9718RaxFEEcgYgA=/0x0/filters:format(jpeg)/pic4432319.jpg,1,6,60,2018,7.63202,3,
Unlock!: Mystery Adventures,https://cf.geekdo-images.com/GeFlXKbZORHBWca3Sl8tSQ__original/img/2cinzeClI1xwX9eyc4j7Kr_V88U=/0x0/filters:format(jpeg)/pic3588255.jpg,1,6,75,2017,7.34743,3,
Unlock!: Secret Adventures,https://cf.geekdo-images.com/AifgmNz_JX1PMZRsqOauVA__original/img/OvwGJdAweM4AccywvZ7EzWwW768=/0x0/filters:format(jpeg)/pic3945063.jpg,1,6,60,2017,7.5397,3,
Unlock!: Timeless Adventures,https://cf.geekdo-images.com/-jn45ZxkJXYlthEyDIYEMQ__original/img/KvmIv9AD58iRUswvQCklgTi7IcQ=/0x0/filters:format(jpeg)/pic5045366.jpg,1,6,90,2019,7.77629,3,
Vegas Wits & Wagers,https://cf.geekdo-images.com/xjBLBu5ZqQd1UUMjbf4Fyg__original/img/60o03OnNGFTAjr34LM89Z7gjKu0=/0x0/filters:format(jpeg)/pic3731974.jpg,5,21,30,2017,7.79917,0,
Victorian Masterminds,https://cf.geekdo-images.com/K68z07I9sYp-05RicU0iSA__original/img/Ypy5VeLQHRsIbqlw8oPd4uAcOz0=/0x0/filters:format(jpeg)/pic4526338.jpg,2,4,60,2019,6.87747,4,"Minis, Worker Placement, Strategy, Family, Area Control"
Viticulture Essential Edition,https://cf.geekdo-images.com/l_PRU2lVlX9seScRFcvFlA__original/img/gDL7OZFlzoOFgU0VYlREs8P5hCQ=/0x0/filters:format(jpeg)/pic6500949.jpg,1,6,90,2015,7.99625,40,"Strategy, Economic, Farming, Contracts, Worker Placement, Wine"
VoilÃ !,https://cf.geekdo-images.com/xHayOKO2rZ8hZn8yZ72_Pw__original/img/8eoHuBOCgjoXA4OJ8vgG_IUYDbo=/0x0/filters:format(png)/pic2631881.png,2,6,30,2015,6.31659,0,
The Voyages of Marco Polo,https://cf.geekdo-images.com/n1G7_aWToLAAB7Mqt8iwyA__original/img/VQddnfi_QO0r4GmUU3M8_-nuO3Q=/0x0/filters:format(png)/pic2461346.png,2,4,100,2015,7.7894,27,"Strategy, Dice, Medieval, Economic, Worker Placement "
The Walking Dead: No Sanctuary,https://cf.geekdo-images.com/mSA3pqfVxYHJGhtBDQbPaw__original/img/Ff0ILFN0-ncFypbjFTs8FtaMLQs=/0x0/filters:format(png)/pic3097992.png,1,4,120,2018,6.67653,0,
War Chest,https://cf.geekdo-images.com/BryJNSSDbCohXeaJPx3tpw__original/img/pgmg83e1lUqNo7FTLdscWNDwlPE=/0x0/filters:format(png)/pic4232048.png,2,4,30,2018,7.86076,11,
Wavelength,https://cf.geekdo-images.com/z4fbPdmJg_5yphJEvql4ZA__original/img/bP1gM8RC-o5iz20_WazBaBNDHnU=/0x0/filters:format(png)/pic4552862.png,2,12,45,2019,7.28692,4,
Welcome to New Las Vegas,https://cf.geekdo-images.com/4ehc-qN5q0O_bVN9gAMMeg__original/img/r5VflZyv2IyOZUClSzQBgp3VI-E=/0x0/filters:format(jpeg)/pic4848380.jpg,1,50,35,2020,6.76474,12,
Welcome To...,https://cf.geekdo-images.com/g4XmxyKhNVdhC3QPd1purQ__original/img/pb6XFQZFUNOr6OPysOHB3usVDFk=/0x0/filters:format(jpeg)/pic3761012.jpg,1,100,25,2018,7.54337,58,"Roll and Write, Family, City Building"
Werewords,https://cf.geekdo-images.com/4ngyBZXLLKIOdGuUHE7baw__original/img/26CKXFLZQ1sUlUwdu_kJ3E8F4Bs=/0x0/filters:format(jpeg)/pic4415135.jpg,4,10,10,2017,7.13253,14,
Wingspan,https://cf.geekdo-images.com/yLZJCVLlIx4c7eJEWUNJ7w__original/img/cI782Zis9cT66j2MjSHKJGnFPNw=/0x0/filters:format(jpeg)/pic4458123.jpg,1,5,70,2019,8.06075,43,"Family, Strategy, Card Drafting, Worker Placement, Educational"
The Wizard Always Wins,https://cf.geekdo-images.com/xmxUZccK_PO-Dsgd0FcdFw__original/img/qQb0oUtY6Lzyc_-nMhi1VO5odpU=/0x0/filters:format(jpeg)/pic3716016.jpg,2,5,30,2017,6.64467,3,
World Championship Russian Roulette,https://cf.geekdo-images.com/5zvqwlo3ZQVlOuqh7rHLGQ__original/img/4AMJVKvRBTnwGcfcRxuyaKg76jk=/0x0/filters:format(jpeg)/pic3041023.jpg,2,6,30,2017,6.88415,1,"Bluffing, Party, Humor, Betting"
YamataÃ¯,https://cf.geekdo-images.com/3F1FUd4HRn2xLJpXEfmMbA__original/img/U_yoD3f629So3vkqyM0PLDys-Tk=/0x0/filters:format(jpeg)/pic3357724.jpg,2,4,80,2017,7.19291,2,"Strategy, Mythology, Area Control, Nautical"
Yokohama,https://cf.geekdo-images.com/3edsEXwH21uaO8HXXdD1Dg__original/img/O-03BIpt7yhPbsffYjDwZc68zbQ=/0x0/filters:format(png)/pic7745916.png,2,4,90,2016,7.81227,1,
You Gotta Be Kitten Me!,https://cf.geekdo-images.com/vj7xDT-MxkQunFKlHmkUAw__original/img/d7DuFNOiibTtcXPXed43rAHCAaY=/0x0/filters:format(png)/pic3123194.png,2,10,30,2016,5.76257,1,"Card Game, Bluffing, Family"
Zombie Fluxx,https://cf.geekdo-images.com/XzqgCgBYVc0a92ZqZ9NjXw__original/img/56rU6cUhd-rm6FUBHC01mLu3aAw=/0x0/filters:format(jpeg)/pic254239.jpg,2,6,40,2007,5.98137,0,Zombies
Zombies!!!,https://cf.geekdo-images.com/MLkRHrISvHx8plwBsCk9iw__original/img/tqe-xEnAUGUT3PVymvhgRVkqbv4=/0x0/filters:format(jpeg)/pic2525171.jpg,2,6,90,2001,5.79534,0,Zombies
